Date(DD.MM.YYYY),Time(HH:MM:SS),Lat,Lon,Temperature(°C),Humidity(%),PM25,PM100
19.03.2026,07:02:34,69.9699,23.2707,7.8,46.6,0.0,0.0
19.03.2026,07:02:37,69.9699,23.2707,7.9,46.1,0.0,0.0
19.03.2026,07:02:40,69.9699,23.2709,7.9,45.8,0.0,0.0
19.03.2026,07:02:43,69.9699,23.2709,7.9,45.9,0.0,0.0
19.03.2026,07:02:46,69.97,23.2712,7.9,45.9,0.0,0.0
19.03.2026,07:02:49,69.97,23.2712,8.0,45.6,0.0,0.0
19.03.2026,07:02:53,69.97,23.2714,8.0,45.8,0.0,0.0
19.03.2026,07:02:56,69.97,23.2714,8.0,45.8,0.0,0.0
19.03.2026,07:02:59,69.97,23.2714,8.0,45.7,0.0,0.0
19.03.2026,07:03:02,69.97,23.2714,8.0,45.6,0.0,0.0
19.03.2026,07:03:05,69.97,23.2714,8.0,45.6,0.0,0.0
19.03.2026,07:03:08,69.97,23.2714,8.1,45.6,0.0,0.0
19.03.2026,07:03:11,69.97,23.2714,8.1,45.5,0.0,0.0
19.03.2026,07:03:14,69.97,23.2714,8.1,45.8,0.0,0.0
19.03.2026,07:03:17,69.97,23.2714,8.0,45.8,0.0,0.0
19.03.2026,07:03:20,69.97,23.2714,8.1,45.7,0.0,0.0
19.03.2026,07:03:24,69.97,23.2714,8.1,45.4,0.0,0.0
19.03.2026,07:03:27,69.97,23.2714,8.1,45.3,0.0,0.0
19.03.2026,07:03:30,69.97,23.2714,8.1,45.2,0.0,0.0
19.03.2026,07:03:33,69.97,23.2714,8.1,44.9,0.0,0.0
19.03.2026,07:03:36,69.97,23.2714,8.1,44.9,0.0,0.0
19.03.2026,07:03:39,69.97,23.2714,8.1,45.2,0.0,0.0
19.03.2026,07:03:42,69.9698,23.2727,8.1,45.4,0.0,0.0
19.03.2026,07:03:45,69.9698,23.2727,8.0,45.6,0.0,0.0
19.03.2026,07:03:49,69.9699,23.2729,8.0,45.7,0.0,0.0
19.03.2026,07:03:52,69.9699,23.2729,7.9,45.9,0.0,0.0
19.03.2026,07:03:55,69.97,23.273,7.9,46.1,0.0,0.0
19.03.2026,07:03:58,69.97,23.273,7.9,46.1,0.0,0.0
19.03.2026,07:04:01,69.9701,23.2732,7.9,46.1,0.0,0.0
19.03.2026,07:04:04,69.9701,23.2732,7.9,46.2,0.0,0.0
19.03.2026,07:04:07,69.9701,23.2732,7.8,46.3,0.0,0.0
19.03.2026,07:04:10,69.9701,23.2732,7.8,46.4,0.0,0.0
19.03.2026,07:04:13,69.9701,23.2732,7.7,46.6,0.0,0.0
19.03.2026,07:04:16,69.9701,23.2732,7.7,46.7,0.0,0.0
19.03.2026,07:04:19,69.9703,23.2737,7.7,46.8,0.0,0.0
19.03.2026,07:04:23,69.9703,23.2737,7.7,46.9,0.0,0.0
19.03.2026,07:04:26,69.9703,23.2737,7.8,47.0,0.0,0.0
19.03.2026,07:04:30,69.9703,23.2737,7.8,46.9,0.0,0.0
19.03.2026,07:04:33,69.9703,23.2737,7.8,46.7,0.0,0.0
19.03.2026,07:04:36,69.9703,23.2737,7.9,46.6,0.0,0.0
19.03.2026,07:04:39,69.9703,23.2737,7.9,46.4,0.0,0.0
19.03.2026,07:04:43,69.9703,23.2737,7.9,46.3,0.0,0.0
19.03.2026,07:04:46,69.9703,23.2737,7.9,46.1,0.0,0.0
19.03.2026,07:04:49,69.9703,23.2737,7.9,45.9,0.0,0.0
19.03.2026,07:04:52,69.9707,23.2748,7.9,45.8,0.0,0.0
19.03.2026,07:04:55,69.9707,23.2748,7.9,45.7,0.0,0.0
19.03.2026,07:04:58,69.9707,23.2749,8.0,45.7,0.0,0.0
19.03.2026,07:05:01,69.9707,23.2749,8.0,45.6,0.0,0.0
19.03.2026,07:05:05,69.9708,23.2752,7.8,45.6,0.0,0.0
19.03.2026,07:05:08,69.9708,23.2752,7.5,46.1,0.0,0.0
19.03.2026,07:05:11,69.9708,23.2753,7.3,46.8,0.0,0.0
19.03.2026,07:05:14,69.9708,23.2753,7.2,47.3,0.0,0.0
19.03.2026,07:05:17,69.9709,23.2755,7.1,47.9,0.0,0.0
19.03.2026,07:05:20,69.9709,23.2755,7.2,48.3,0.0,0.0
19.03.2026,07:05:23,69.9709,23.2757,7.2,48.4,0.0,0.0
19.03.2026,07:05:26,69.9709,23.2757,7.1,48.4,0.0,0.0
19.03.2026,07:05:29,69.9709,23.2757,6.9,48.7,0.0,0.0
19.03.2026,07:05:32,69.9709,23.2757,6.8,49.3,0.0,0.0
19.03.2026,07:05:35,69.9709,23.2757,6.7,49.9,0.0,0.0
19.03.2026,07:05:38,69.9709,23.2757,6.7,50.4,0.0,0.0
19.03.2026,07:05:41,69.9709,23.2757,6.7,50.6,0.0,0.0
19.03.2026,07:05:44,69.9709,23.2757,6.7,50.8,0.0,0.0
19.03.2026,07:05:47,69.9709,23.2757,6.7,50.8,0.0,0.0
19.03.2026,07:05:51,69.9709,23.2757,6.8,50.7,0.0,0.0
19.03.2026,07:05:54,69.9709,23.2757,6.8,50.6,0.0,0.0
19.03.2026,07:05:57,69.9709,23.2757,6.7,50.8,0.0,0.0
19.03.2026,07:06:00,69.9709,23.2757,6.8,50.8,0.0,0.0
19.03.2026,07:06:03,69.9709,23.2757,6.8,50.8,0.0,0.0
19.03.2026,07:06:06,69.9709,23.2757,6.7,51.1,0.0,0.0
19.03.2026,07:06:09,69.9709,23.2757,6.9,51.0,0.0,0.0
19.03.2026,07:06:12,69.9709,23.2757,6.8,50.8,0.0,0.0
19.03.2026,07:06:15,69.9709,23.2757,6.9,50.6,0.0,0.0
19.03.2026,07:06:18,69.9709,23.2757,6.9,50.5,0.0,0.0
19.03.2026,07:06:21,69.9709,23.2757,6.6,50.4,0.0,0.0
19.03.2026,07:06:24,69.9712,23.2777,6.6,50.8,0.0,0.0
19.03.2026,07:06:28,69.9712,23.2777,6.6,51.0,0.0,0.0
19.03.2026,07:06:31,69.9712,23.2777,6.7,51.2,0.0,0.0
19.03.2026,07:06:35,69.9712,23.2777,6.7,51.1,1.0,1.0
19.03.2026,07:06:38,69.9712,23.2777,6.5,51.3,1.0,1.0
19.03.2026,07:06:41,69.9712,23.2777,6.5,51.6,1.0,1.0
19.03.2026,07:06:44,69.9712,23.2777,6.5,51.7,1.0,1.0
19.03.2026,07:06:48,69.9712,23.2777,6.6,51.7,0.0,0.0
19.03.2026,07:06:51,69.9712,23.2777,6.6,51.6,0.0,0.0
19.03.2026,07:06:54,69.9712,23.2777,6.7,51.4,0.0,0.0
19.03.2026,07:06:57,69.9712,23.2777,6.6,51.1,0.0,0.0
19.03.2026,07:07:00,69.9712,23.2777,6.7,51.1,0.0,0.0
19.03.2026,07:07:03,69.9712,23.2777,6.7,50.9,0.0,0.0
19.03.2026,07:07:06,69.9712,23.2777,6.8,50.8,0.0,0.0
19.03.2026,07:07:10,69.9712,23.2777,6.8,50.8,0.0,0.0
19.03.2026,07:07:13,69.9712,23.2777,6.8,50.6,0.0,0.0
19.03.2026,07:07:16,69.9712,23.2777,6.9,50.3,0.0,0.0
19.03.2026,07:07:19,69.9712,23.2777,6.9,50.1,0.0,0.0
19.03.2026,07:07:22,69.9712,23.2777,6.9,49.9,0.0,0.0
19.03.2026,07:07:25,69.9712,23.2777,6.9,49.8,0.0,0.0
19.03.2026,07:07:28,69.9712,23.2777,6.9,49.7,0.0,0.0
19.03.2026,07:07:31,69.9712,23.2777,6.9,49.5,0.0,0.0
19.03.2026,07:07:34,69.9712,23.2777,6.8,49.6,0.0,0.0
19.03.2026,07:07:37,69.9712,23.2777,6.8,49.8,0.0,0.0
19.03.2026,07:07:40,69.9712,23.2777,6.8,50.0,0.0,0.0
19.03.2026,07:07:44,69.9712,23.2777,6.8,50.0,0.0,0.0
19.03.2026,07:07:47,69.9712,23.2777,6.8,50.0,0.0,0.0
19.03.2026,07:07:51,69.9712,23.2777,6.7,50.1,0.0,0.0
19.03.2026,07:07:54,69.9712,23.2777,6.7,50.6,0.0,0.0
19.03.2026,07:07:57,69.9712,23.2777,6.6,50.7,0.0,0.0
19.03.2026,07:08:00,69.9712,23.2777,6.5,50.9,0.0,0.0
19.03.2026,07:08:03,69.9712,23.2777,6.3,51.3,0.0,0.0
19.03.2026,07:08:06,69.9712,23.2777,6.3,51.6,0.0,0.0
19.03.2026,07:08:09,69.9712,23.2777,6.4,51.7,0.0,0.0
19.03.2026,07:08:13,69.9712,23.2777,6.4,51.8,0.0,0.0
19.03.2026,07:08:16,69.9712,23.2777,6.4,52.0,0.0,0.0
19.03.2026,07:08:19,69.9712,23.2777,6.3,52.1,0.0,0.0
19.03.2026,07:08:22,69.9712,23.2777,6.3,52.2,0.0,0.0
19.03.2026,07:08:25,69.9712,23.2777,6.3,52.3,1.0,1.0
19.03.2026,07:08:28,69.9712,23.2777,6.4,52.4,1.0,1.0
19.03.2026,07:08:31,69.9712,23.2777,6.5,52.1,1.0,1.0
19.03.2026,07:08:34,69.9712,23.2777,6.4,51.7,1.0,1.0
19.03.2026,07:08:37,69.9712,23.2777,6.5,51.8,1.0,1.0
19.03.2026,07:08:41,69.9712,23.2777,6.5,51.6,1.0,1.0
19.03.2026,07:08:44,69.9712,23.2777,6.5,51.3,1.0,1.0
19.03.2026,07:08:48,69.9712,23.2777,6.6,51.1,1.0,1.0
19.03.2026,07:08:51,69.9712,23.2777,6.6,51.0,1.0,1.0
19.03.2026,07:08:54,69.9712,23.2777,6.6,50.9,0.0,0.0
19.03.2026,07:08:57,69.9712,23.2777,6.6,50.9,0.0,0.0
19.03.2026,07:09:00,69.9712,23.2777,6.7,50.7,0.0,0.0
19.03.2026,07:09:04,69.9712,23.2777,6.6,50.6,0.0,0.0
19.03.2026,07:09:07,69.9712,23.2777,6.6,50.7,0.0,0.0
19.03.2026,07:09:10,69.9712,23.2777,6.6,50.6,0.0,0.0
19.03.2026,07:09:13,69.9712,23.2777,6.7,50.5,0.0,0.0
19.03.2026,07:09:16,69.9712,23.2777,6.7,50.6,0.0,0.0
19.03.2026,07:09:21,69.9712,23.2777,6.6,50.6,0.0,0.0
19.03.2026,07:09:24,69.9712,23.2777,6.5,50.8,0.0,0.0
19.03.2026,07:09:27,69.9712,23.2777,6.4,51.0,0.0,0.0
19.03.2026,07:09:30,69.9712,23.2777,6.5,51.3,0.0,0.0
19.03.2026,07:09:33,69.9712,23.2777,6.5,51.4,0.0,0.0
19.03.2026,07:09:36,69.9712,23.2777,6.5,51.6,0.0,0.0
19.03.2026,07:09:39,69.9712,23.2777,6.5,51.6,0.0,0.0
19.03.2026,07:09:43,69.9712,23.2777,6.5,51.5,0.0,0.0
19.03.2026,07:09:46,69.9712,23.2777,6.5,51.4,0.0,0.0
19.03.2026,07:09:49,69.9712,23.2777,6.5,51.5,0.0,0.0
19.03.2026,07:09:52,69.9712,23.2777,6.4,51.6,0.0,0.0
19.03.2026,07:09:55,69.9712,23.2777,6.5,51.7,0.0,0.0
19.03.2026,07:09:58,69.9712,23.2777,6.5,51.6,0.0,0.0
19.03.2026,07:10:01,69.9712,23.2777,6.5,51.6,0.0,0.0
19.03.2026,07:10:04,69.9712,23.2777,6.5,51.5,0.0,0.0
19.03.2026,07:10:08,69.9712,23.2777,6.5,51.4,0.0,0.0
19.03.2026,07:10:11,69.9712,23.2777,6.5,51.4,0.0,0.0
19.03.2026,07:10:14,69.9712,23.2777,6.5,51.4,0.0,0.0
19.03.2026,07:10:17,69.9712,23.2777,6.5,51.4,0.0,0.0
19.03.2026,07:10:20,69.9712,23.2777,6.5,51.5,0.0,0.0
19.03.2026,07:10:23,69.9712,23.2777,6.5,51.5,0.0,0.0
19.03.2026,07:10:26,69.9712,23.2777,6.4,51.4,0.0,0.0
19.03.2026,07:10:29,69.9712,23.2777,6.4,51.5,0.0,0.0
19.03.2026,07:10:32,69.9712,23.2777,6.3,51.7,0.0,0.0
19.03.2026,07:10:35,69.9712,23.2777,6.3,51.8,0.0,0.0
19.03.2026,07:10:39,69.9712,23.2777,6.4,51.8,0.0,0.0
19.03.2026,07:10:42,69.9712,23.2777,6.4,51.7,0.0,0.0
19.03.2026,07:10:45,69.9712,23.2777,6.5,51.8,0.0,0.0
19.03.2026,07:10:48,69.9712,23.2777,6.5,51.8,0.0,0.0
19.03.2026,07:10:51,69.9712,23.2777,6.5,51.7,0.0,0.0
19.03.2026,07:10:54,69.9712,23.2777,6.5,51.7,0.0,0.0
19.03.2026,07:10:57,69.9724,23.2873,6.5,51.8,0.0,0.0
19.03.2026,07:11:01,69.9724,23.2873,6.5,51.7,0.0,0.0
19.03.2026,07:11:04,69.9724,23.2873,6.5,51.7,0.0,0.0
19.03.2026,07:11:08,69.9724,23.2873,6.5,51.6,0.0,0.0
19.03.2026,07:11:11,69.9724,23.2873,6.5,51.6,0.0,0.0
19.03.2026,07:11:15,69.9724,23.2873,6.4,51.8,0.0,0.0
19.03.2026,07:11:18,69.9724,23.2873,6.4,52.0,0.0,0.0
19.03.2026,07:11:21,69.9724,23.2873,6.3,52.2,0.0,0.0
19.03.2026,07:11:24,69.9724,23.2873,6.3,52.4,0.0,0.0
19.03.2026,07:11:28,69.9724,23.2873,6.3,52.3,0.0,0.0
19.03.2026,07:11:31,69.9724,23.2873,6.3,52.4,0.0,0.0
19.03.2026,07:11:34,69.9724,23.2873,6.3,52.5,0.0,0.0
19.03.2026,07:11:38,69.9724,23.2873,6.3,52.6,0.0,0.0
19.03.2026,07:11:41,69.9724,23.2873,6.3,52.6,0.0,0.0
19.03.2026,07:11:45,69.9724,23.2873,6.4,52.7,0.0,0.0
19.03.2026,07:11:48,69.9724,23.2873,6.4,52.6,0.0,0.0
19.03.2026,07:11:51,69.9724,23.2873,6.4,52.4,0.0,0.0
19.03.2026,07:11:54,69.9724,23.2873,6.5,52.5,0.0,0.0
19.03.2026,07:11:58,69.9724,23.2873,6.4,53.1,0.0,0.0
19.03.2026,07:12:01,69.9724,23.2873,6.5,53.0,0.0,0.0
19.03.2026,07:12:04,69.9724,23.2873,6.5,53.0,0.0,0.0
19.03.2026,07:12:08,69.9724,23.2873,6.4,52.9,0.0,0.0
19.03.2026,07:12:11,69.9724,23.2873,6.4,52.8,0.0,0.0
19.03.2026,07:12:15,69.9724,23.2873,6.3,52.8,0.0,0.0
19.03.2026,07:12:18,69.9724,23.2873,6.3,52.8,0.0,0.0
19.03.2026,07:12:21,69.9724,23.2873,6.3,52.8,0.0,0.0
19.03.2026,07:12:24,69.9724,23.2873,6.3,52.8,0.0,0.0
19.03.2026,07:12:28,69.9724,23.2873,6.4,52.5,0.0,0.0
19.03.2026,07:12:31,69.9724,23.2873,6.4,52.3,0.0,0.0
19.03.2026,07:12:35,69.9724,23.2873,6.4,52.3,0.0,0.0
19.03.2026,07:12:38,69.9724,23.2873,6.5,52.2,0.0,0.0
19.03.2026,07:12:41,69.9724,23.2873,6.5,52.1,0.0,0.0
19.03.2026,07:12:44,69.9724,23.2873,6.6,52.1,0.0,0.0
19.03.2026,07:12:48,69.9724,23.2873,6.6,52.0,1.0,1.0
19.03.2026,07:12:51,69.9724,23.2873,6.6,51.7,1.0,1.0
19.03.2026,07:12:54,69.9724,23.2873,6.6,51.6,1.0,1.0
19.03.2026,07:12:57,69.9724,23.2873,6.7,51.4,0.0,0.0
19.03.2026,07:13:00,69.9724,23.2873,6.7,51.2,1.0,1.0
19.03.2026,07:13:03,69.9724,23.2873,6.7,51.0,0.0,0.0
19.03.2026,07:13:06,69.9724,23.2873,6.8,50.9,0.0,0.0
19.03.2026,07:13:10,69.9724,23.2873,6.8,50.9,0.0,0.0
19.03.2026,07:13:13,69.9724,23.2873,6.8,50.8,0.0,0.0
19.03.2026,07:13:16,69.9724,23.2873,6.8,50.7,0.0,0.0
19.03.2026,07:13:19,69.9724,23.2873,6.8,50.7,0.0,0.0
19.03.2026,07:13:22,69.9724,23.2873,6.8,50.6,0.0,0.0
19.03.2026,07:13:25,69.9724,23.2873,6.8,50.5,0.0,0.0
19.03.2026,07:13:28,69.9724,23.2873,6.8,50.5,0.0,0.0
19.03.2026,07:13:31,69.9724,23.2873,6.9,50.6,0.0,0.0
19.03.2026,07:13:34,69.9724,23.2873,6.9,50.5,0.0,0.0
19.03.2026,07:13:37,69.9724,23.2873,6.9,50.5,0.0,0.0
19.03.2026,07:13:40,69.9724,23.2873,6.9,50.5,0.0,0.0
19.03.2026,07:13:44,69.9724,23.2873,6.9,50.5,0.0,0.0
19.03.2026,07:13:47,69.9724,23.2873,6.9,50.4,0.0,0.0
19.03.2026,07:13:51,69.9724,23.2873,6.9,50.5,0.0,0.0
19.03.2026,07:13:54,69.9724,23.2873,7.0,50.5,0.0,0.0
19.03.2026,07:13:57,69.9724,23.2873,7.0,50.5,0.0,0.0
19.03.2026,07:14:00,69.9724,23.2873,7.0,50.6,0.0,0.0
19.03.2026,07:14:03,69.9724,23.2873,7.0,50.6,0.0,0.0
19.03.2026,07:14:06,69.9724,23.2873,6.9,50.7,0.0,0.0
19.03.2026,07:14:09,69.9724,23.2873,6.9,50.8,0.0,0.0
19.03.2026,07:14:15,69.9724,23.2873,6.9,50.9,0.0,0.0
19.03.2026,07:14:18,69.9724,23.2873,7.0,50.8,0.0,0.0
19.03.2026,07:14:21,69.9724,23.2873,7.0,50.6,0.0,0.0
19.03.2026,07:14:24,69.9724,23.2873,6.9,50.5,0.0,0.0
19.03.2026,07:14:28,69.9724,23.2873,6.9,50.6,0.0,0.0
19.03.2026,07:14:31,69.9724,23.2873,6.9,50.7,0.0,0.0
19.03.2026,07:14:34,69.9724,23.2873,6.8,50.8,0.0,0.0
19.03.2026,07:14:38,69.9724,23.2873,6.7,50.8,0.0,0.0
19.03.2026,07:14:41,69.9724,23.2873,6.5,51.0,0.0,0.0
19.03.2026,07:14:44,69.9724,23.2873,6.5,51.1,0.0,0.0
19.03.2026,07:14:47,69.9724,23.2873,6.4,51.3,0.0,0.0
19.03.2026,07:14:50,69.9724,23.2873,6.4,51.5,0.0,0.0
19.03.2026,07:14:53,69.9724,23.2873,6.4,51.8,0.0,0.0
19.03.2026,07:14:56,69.9724,23.2873,6.4,51.9,0.0,0.0
19.03.2026,07:15:00,69.9724,23.2873,6.4,52.1,0.0,0.0
19.03.2026,07:15:03,69.9724,23.2873,6.4,52.1,0.0,0.0
19.03.2026,07:15:06,69.9724,23.2873,6.4,52.1,0.0,0.0
19.03.2026,07:15:09,69.9724,23.2873,6.4,52.0,0.0,0.0
19.03.2026,07:15:12,69.9724,23.2873,6.4,51.9,0.0,0.0
19.03.2026,07:15:15,69.9724,23.2873,6.3,52.0,0.0,0.0
19.03.2026,07:15:18,69.9724,23.2873,6.3,52.1,0.0,0.0
19.03.2026,07:15:21,69.9724,23.2873,6.3,52.3,0.0,0.0
19.03.2026,07:15:24,69.9724,23.2873,6.3,52.5,0.0,0.0
19.03.2026,07:15:27,69.9724,23.2873,6.4,52.6,0.0,0.0
19.03.2026,07:15:30,69.9724,23.2873,6.3,52.8,0.0,0.0
19.03.2026,07:15:33,69.9724,23.2873,6.3,53.0,0.0,0.0
19.03.2026,07:15:36,69.9724,23.2873,6.3,53.2,0.0,0.0
19.03.2026,07:15:39,69.9727,23.2978,6.3,53.0,0.0,0.0
19.03.2026,07:15:43,69.9727,23.2978,6.3,53.0,0.0,0.0
19.03.2026,07:15:46,69.9728,23.2978,6.3,53.0,0.0,0.0
19.03.2026,07:15:49,69.9728,23.2978,6.4,53.0,0.0,0.0
19.03.2026,07:15:52,69.9729,23.2978,6.4,53.0,0.0,0.0
19.03.2026,07:15:55,69.9729,23.2978,6.3,53.0,0.0,0.0
19.03.2026,07:15:58,69.9729,23.2978,6.4,53.2,0.0,0.0
19.03.2026,07:16:01,69.9729,23.2978,6.3,53.2,0.0,0.0
19.03.2026,07:16:04,69.9729,23.2978,6.2,53.2,0.0,0.0
19.03.2026,07:16:07,69.9729,23.2978,6.1,53.2,0.0,0.0
19.03.2026,07:16:10,69.9729,23.2978,6.1,53.3,0.0,0.0
19.03.2026,07:16:13,69.9729,23.2978,6.1,53.5,0.0,0.0
19.03.2026,07:16:16,69.9729,23.2978,6.1,53.6,0.0,0.0
19.03.2026,07:16:19,69.9729,23.2978,6.1,53.7,0.0,0.0
19.03.2026,07:16:23,69.9729,23.2978,6.1,53.7,0.0,0.0
19.03.2026,07:16:26,69.9729,23.2978,6.1,53.6,0.0,0.0
19.03.2026,07:16:29,69.9729,23.2978,6.2,53.5,0.0,0.0
19.03.2026,07:16:33,69.9729,23.2978,6.3,53.3,0.0,0.0
19.03.2026,07:16:36,69.9729,23.2978,6.3,53.1,0.0,0.0
19.03.2026,07:16:39,69.9729,23.2978,6.3,53.0,0.0,0.0
19.03.2026,07:16:42,69.9729,23.2978,6.1,52.9,0.0,0.0
19.03.2026,07:16:45,69.9729,23.2978,6.1,53.1,0.0,0.0
19.03.2026,07:16:48,69.9729,23.2978,6.1,53.3,0.0,0.0
19.03.2026,07:16:51,69.9729,23.2978,6.1,53.4,0.0,0.0
19.03.2026,07:16:55,69.9729,23.2978,6.1,53.6,0.0,0.0
19.03.2026,07:16:58,69.9729,23.2978,6.1,53.7,0.0,0.0
19.03.2026,07:17:01,69.9729,23.2978,6.1,53.7,0.0,0.0
19.03.2026,07:17:04,69.9729,23.2978,6.1,53.8,0.0,0.0
19.03.2026,07:17:07,69.9729,23.2978,6.1,53.8,0.0,0.0
19.03.2026,07:17:10,69.9729,23.2978,6.2,53.8,0.0,0.0
19.03.2026,07:17:13,69.9729,23.2978,6.2,53.8,0.0,0.0
19.03.2026,07:17:16,69.9729,23.2978,6.2,53.8,0.0,0.0
